{
  "k": 5,
  "acc_mean": 0.7420969794387515,
  "f1_macro_mean": 0.4588028043114849
}