{
  "acc": 0.6232394366197183,
  "f1_macro": 0.38929762064347706,
  "n_train": 850,
  "n_test": 284
}